{
    "accuracy": 0.7915194346289752,
    "precision": 0.781474233529028,
    "recall": 0.7923280423280423,
    "auc": 0.8702105000512247
}